{
  "한국_역사": {
    "roi": -83.36314847942755,
    "win_rate_4plus": 0.12522361359570663,
    "wins": {
      "1": 0,
      "2": 0,
      "3": 0,
      "4": 7,
      "5": 116
    },
    "total_cost": 5590000,
    "total_prize": 930000,
    "games": 5590
  },
  "세계_대전": {
    "roi": -81.84257602862253,
    "win_rate_4plus": 0.14311270125223613,
    "wins": {
      "1": 0,
      "2": 0,
      "3": 0,
      "4": 8,
      "5": 123
    },
    "total_cost": 5590000,
    "total_prize": 1015000,
    "games": 5590
  },
  "왕조_연대기": {
    "roi": -89.44543828264759,
    "win_rate_4plus": 0.03577817531305903,
    "wins": {
      "1": 0,
      "2": 0,
      "3": 0,
      "4": 2,
      "5": 98
    },
    "total_cost": 5590000,
    "total_prize": 590000,
    "games": 5590
  },
  "혁명_독립": {
    "roi": -78.08586762075134,
    "win_rate_4plus": 0.17889087656529518,
    "wins": {
      "1": 0,
      "2": 0,
      "3": 0,
      "4": 10,
      "5": 145
    },
    "total_cost": 5590000,
    "total_prize": 1225000,
    "games": 5590
  },
  "올림픽": {
    "roi": -79.42754919499106,
    "win_rate_4plus": 0.16100178890876565,
    "wins": {
      "1": 0,
      "2": 0,
      "3": 0,
      "4": 9,
      "5": 140
    },
    "total_cost": 5590000,
    "total_prize": 1150000,
    "games": 5590
  },
  "과학_발견": {
    "roi": -83.81037567084078,
    "win_rate_4plus": 0.14311270125223613,
    "wins": {
      "1": 0,
      "2": 0,
      "3": 0,
      "4": 8,
      "5": 101
    },
    "total_cost": 5590000,
    "total_prize": 905000,
    "games": 5590
  },
  "인물_탄생년": {
    "roi": -86.13595706618963,
    "win_rate_4plus": 0.07155635062611806,
    "wins": {
      "1": 0,
      "2": 0,
      "3": 0,
      "4": 4,
      "5": 115
    },
    "total_cost": 5590000,
    "total_prize": 775000,
    "games": 5590
  },
  "전쟁_전투": {
    "roi": -57.871198568872984,
    "win_rate_4plus": 0.12522361359570663,
    "wins": {
      "1": 0,
      "2": 0,
      "3": 1,
      "4": 6,
      "5": 111
    },
    "total_cost": 5590000,
    "total_prize": 2355000,
    "games": 5590
  },
  "문화유산": {
    "roi": -81.3953488372093,
    "win_rate_4plus": 0.12522361359570663,
    "wins": {
      "1": 0,
      "2": 0,
      "3": 0,
      "4": 7,
      "5": 138
    },
    "total_cost": 5590000,
    "total_prize": 1040000,
    "games": 5590
  },
  "조약_협정": {
    "roi": -84.52593917710198,
    "win_rate_4plus": 0.14311270125223613,
    "wins": {
      "1": 0,
      "2": 0,
      "3": 0,
      "4": 8,
      "5": 93
    },
    "total_cost": 5590000,
    "total_prize": 865000,
    "games": 5590
  },
  "우주_탐사": {
    "roi": -58.497316636851515,
    "win_rate_4plus": 0.1073345259391771,
    "wins": {
      "1": 0,
      "2": 0,
      "3": 1,
      "4": 5,
      "5": 114
    },
    "total_cost": 5590000,
    "total_prize": 2320000,
    "games": 5590
  },
  "제국_연대": {
    "roi": -80.76923076923077,
    "win_rate_4plus": 0.16100178890876565,
    "wins": {
      "1": 0,
      "2": 0,
      "3": 0,
      "4": 9,
      "5": 125
    },
    "total_cost": 5590000,
    "total_prize": 1075000,
    "games": 5590
  },
  "산업혁명": {
    "roi": -82.46869409660107,
    "win_rate_4plus": 0.12522361359570663,
    "wins": {
      "1": 0,
      "2": 0,
      "3": 0,
      "4": 7,
      "5": 126
    },
    "total_cost": 5590000,
    "total_prize": 980000,
    "games": 5590
  },
  "종교_역사": {
    "roi": 814.9373881932022,
    "win_rate_4plus": 0.1967799642218247,
    "wins": {
      "1": 0,
      "2": 1,
      "3": 0,
      "4": 10,
      "5": 129
    },
    "total_cost": 5590000,
    "total_prize": 51145000,
    "games": 5590
  },
  "발명_특허": {
    "roi": -84.52593917710198,
    "win_rate_4plus": 0.08944543828264759,
    "wins": {
      "1": 0,
      "2": 0,
      "3": 0,
      "4": 5,
      "5": 123
    },
    "total_cost": 5590000,
    "total_prize": 865000,
    "games": 5590
  },
  "경제_위기": {
    "roi": -78.80143112701252,
    "win_rate_4plus": 0.2146690518783542,
    "wins": {
      "1": 0,
      "2": 0,
      "3": 0,
      "4": 12,
      "5": 117
    },
    "total_cost": 5590000,
    "total_prize": 1185000,
    "games": 5590
  },
  "헌법_법률": {
    "roi": -84.88372093023256,
    "win_rate_4plus": 0.1073345259391771,
    "wins": {
      "1": 0,
      "2": 0,
      "3": 0,
      "4": 6,
      "5": 109
    },
    "total_cost": 5590000,
    "total_prize": 845000,
    "games": 5590
  },
  "예술_사조": {
    "roi": -55.27728085867621,
    "win_rate_4plus": 0.16100178890876565,
    "wins": {
      "1": 0,
      "2": 0,
      "3": 1,
      "4": 8,
      "5": 120
    },
    "total_cost": 5590000,
    "total_prize": 2500000,
    "games": 5590
  },
  "철학자": {
    "roi": -81.48479427549195,
    "win_rate_4plus": 0.16100178890876565,
    "wins": {
      "1": 0,
      "2": 0,
      "3": 0,
      "4": 9,
      "5": 117
    },
    "total_cost": 5590000,
    "total_prize": 1035000,
    "games": 5590
  },
  "왕_황제_재위": {
    "roi": -78.71198568872988,
    "win_rate_4plus": 0.2146690518783542,
    "wins": {
      "1": 0,
      "2": 0,
      "3": 0,
      "4": 12,
      "5": 118
    },
    "total_cost": 5590000,
    "total_prize": 1190000,
    "games": 5590
  }
}