{
  "축구_등번호": {
    "roi": -80.05366726296958,
    "win_rate_4plus": 0.17889087656529518,
    "wins": {
      "1": 0,
      "2": 0,
      "3": 0,
      "4": 10,
      "5": 123
    },
    "total_cost": 5590000,
    "total_prize": 1115000,
    "games": 5590
  },
  "농구_등번호": {
    "roi": -80.50089445438283,
    "win_rate_4plus": 0.12522361359570663,
    "wins": {
      "1": 0,
      "2": 0,
      "3": 0,
      "4": 7,
      "5": 148
    },
    "total_cost": 5590000,
    "total_prize": 1090000,
    "games": 5590
  },
  "야구_등번호": {
    "roi": -80.41144901610018,
    "win_rate_4plus": 0.17889087656529518,
    "wins": {
      "1": 0,
      "2": 0,
      "3": 0,
      "4": 10,
      "5": 119
    },
    "total_cost": 5590000,
    "total_prize": 1095000,
    "games": 5590
  },
  "골프": {
    "roi": -81.21645796064401,
    "win_rate_4plus": 0.12522361359570663,
    "wins": {
      "1": 0,
      "2": 0,
      "3": 0,
      "4": 7,
      "5": 140
    },
    "total_cost": 5590000,
    "total_prize": 1050000,
    "games": 5590
  },
  "체스": {
    "roi": -78.26475849731663,
    "win_rate_4plus": 0.1967799642218247,
    "wins": {
      "1": 0,
      "2": 0,
      "3": 0,
      "4": 11,
      "5": 133
    },
    "total_cost": 5590000,
    "total_prize": 1215000,
    "games": 5590
  },
  "포커": {
    "roi": -84.52593917710198,
    "win_rate_4plus": 0.1073345259391771,
    "wins": {
      "1": 0,
      "2": 0,
      "3": 0,
      "4": 6,
      "5": 113
    },
    "total_cost": 5590000,
    "total_prize": 865000,
    "games": 5590
  },
  "주사위": {
    "roi": -82.55813953488372,
    "win_rate_4plus": 0.14311270125223613,
    "wins": {
      "1": 0,
      "2": 0,
      "3": 0,
      "4": 8,
      "5": 115
    },
    "total_cost": 5590000,
    "total_prize": 975000,
    "games": 5590
  },
  "볼링": {
    "roi": -75.67084078711986,
    "win_rate_4plus": 0.26833631484794274,
    "wins": {
      "1": 0,
      "2": 0,
      "3": 0,
      "4": 15,
      "5": 122
    },
    "total_cost": 5590000,
    "total_prize": 1360000,
    "games": 5590
  },
  "당구": {
    "roi": -80.05366726296958,
    "win_rate_4plus": 0.14311270125223613,
    "wins": {
      "1": 0,
      "2": 0,
      "3": 0,
      "4": 8,
      "5": 143
    },
    "total_cost": 5590000,
    "total_prize": 1115000,
    "games": 5590
  },
  "마라톤": {
    "roi": -83.2737030411449,
    "win_rate_4plus": 0.1073345259391771,
    "wins": {
      "1": 0,
      "2": 0,
      "3": 0,
      "4": 6,
      "5": 127
    },
    "total_cost": 5590000,
    "total_prize": 935000,
    "games": 5590
  },
  "수영": {
    "roi": -79.3381037567084,
    "win_rate_4plus": 0.1967799642218247,
    "wins": {
      "1": 0,
      "2": 0,
      "3": 0,
      "4": 11,
      "5": 121
    },
    "total_cost": 5590000,
    "total_prize": 1155000,
    "games": 5590
  },
  "테니스": {
    "roi": -80.94812164579606,
    "win_rate_4plus": 0.14311270125223613,
    "wins": {
      "1": 0,
      "2": 0,
      "3": 0,
      "4": 8,
      "5": 133
    },
    "total_cost": 5590000,
    "total_prize": 1065000,
    "games": 5590
  },
  "배구": {
    "roi": -78.80143112701252,
    "win_rate_4plus": 0.16100178890876565,
    "wins": {
      "1": 0,
      "2": 0,
      "3": 0,
      "4": 9,
      "5": 147
    },
    "total_cost": 5590000,
    "total_prize": 1185000,
    "games": 5590
  },
  "럭비": {
    "roi": -82.02146690518784,
    "win_rate_4plus": 0.14311270125223613,
    "wins": {
      "1": 0,
      "2": 0,
      "3": 0,
      "4": 8,
      "5": 121
    },
    "total_cost": 5590000,
    "total_prize": 1005000,
    "games": 5590
  },
  "복싱": {
    "roi": -81.48479427549195,
    "win_rate_4plus": 0.1967799642218247,
    "wins": {
      "1": 0,
      "2": 0,
      "3": 0,
      "4": 11,
      "5": 97
    },
    "total_cost": 5590000,
    "total_prize": 1035000,
    "games": 5590
  },
  "탁구": {
    "roi": -84.88372093023256,
    "win_rate_4plus": 0.08944543828264759,
    "wins": {
      "1": 0,
      "2": 0,
      "3": 0,
      "4": 5,
      "5": 119
    },
    "total_cost": 5590000,
    "total_prize": 845000,
    "games": 5590
  },
  "바둑": {
    "roi": -80.94812164579606,
    "win_rate_4plus": 0.12522361359570663,
    "wins": {
      "1": 0,
      "2": 0,
      "3": 0,
      "4": 7,
      "5": 143
    },
    "total_cost": 5590000,
    "total_prize": 1065000,
    "games": 5590
  },
  "F1_레이싱": {
    "roi": -54.38282647584973,
    "win_rate_4plus": 0.14311270125223613,
    "wins": {
      "1": 0,
      "2": 0,
      "3": 1,
      "4": 7,
      "5": 140
    },
    "total_cost": 5590000,
    "total_prize": 2550000,
    "games": 5590
  },
  "스케이트보드": {
    "roi": -85.3309481216458,
    "win_rate_4plus": 0.07155635062611806,
    "wins": {
      "1": 0,
      "2": 0,
      "3": 0,
      "4": 4,
      "5": 124
    },
    "total_cost": 5590000,
    "total_prize": 820000,
    "games": 5590
  },
  "e스포츠": {
    "roi": -79.3381037567084,
    "win_rate_4plus": 0.17889087656529518,
    "wins": {
      "1": 0,
      "2": 0,
      "3": 0,
      "4": 10,
      "5": 131
    },
    "total_cost": 5590000,
    "total_prize": 1155000,
    "games": 5590
  }
}