{
  "원자번호": {
    "roi": -81.12701252236137,
    "win_rate_4plus": 0.14311270125223613,
    "wins": {
      "1": 0,
      "2": 0,
      "3": 0,
      "4": 8,
      "5": 131
    },
    "total_cost": 5590000,
    "total_prize": 1055000,
    "games": 5590
  },
  "비활성_기체": {
    "roi": -80.32200357781754,
    "win_rate_4plus": 0.17889087656529518,
    "wins": {
      "1": 0,
      "2": 0,
      "3": 0,
      "4": 10,
      "5": 120
    },
    "total_cost": 5590000,
    "total_prize": 1100000,
    "games": 5590
  },
  "알칼리_금속": {
    "roi": -52.50447227191414,
    "win_rate_4plus": 0.17889087656529518,
    "wins": {
      "1": 0,
      "2": 0,
      "3": 1,
      "4": 9,
      "5": 141
    },
    "total_cost": 5590000,
    "total_prize": 2655000,
    "games": 5590
  },
  "원자량": {
    "roi": -81.12701252236137,
    "win_rate_4plus": 0.12522361359570663,
    "wins": {
      "1": 0,
      "2": 0,
      "3": 0,
      "4": 7,
      "5": 141
    },
    "total_cost": 5590000,
    "total_prize": 1055000,
    "games": 5590
  },
  "주기율표_주기": {
    "roi": -83.89982110912342,
    "win_rate_4plus": 0.08944543828264759,
    "wins": {
      "1": 0,
      "2": 0,
      "3": 0,
      "4": 5,
      "5": 130
    },
    "total_cost": 5590000,
    "total_prize": 900000,
    "games": 5590
  },
  "전자_껍질": {
    "roi": -81.7531305903399,
    "win_rate_4plus": 0.17889087656529518,
    "wins": {
      "1": 0,
      "2": 0,
      "3": 0,
      "4": 10,
      "5": 104
    },
    "total_cost": 5590000,
    "total_prize": 1020000,
    "games": 5590
  },
  "전기음성도": {
    "roi": -83.36314847942755,
    "win_rate_4plus": 0.12522361359570663,
    "wins": {
      "1": 0,
      "2": 0,
      "3": 0,
      "4": 7,
      "5": 116
    },
    "total_cost": 5590000,
    "total_prize": 930000,
    "games": 5590
  },
  "이온화_에너지": {
    "roi": -84.34704830053667,
    "win_rate_4plus": 0.12522361359570663,
    "wins": {
      "1": 0,
      "2": 0,
      "3": 0,
      "4": 7,
      "5": 105
    },
    "total_cost": 5590000,
    "total_prize": 875000,
    "games": 5590
  },
  "산화_상태": {
    "roi": -81.84257602862253,
    "win_rate_4plus": 0.14311270125223613,
    "wins": {
      "1": 0,
      "2": 0,
      "3": 0,
      "4": 8,
      "5": 123
    },
    "total_cost": 5590000,
    "total_prize": 1015000,
    "games": 5590
  },
  "화학_반응식": {
    "roi": -80.59033989266547,
    "win_rate_4plus": 0.12522361359570663,
    "wins": {
      "1": 0,
      "2": 0,
      "3": 0,
      "4": 7,
      "5": 147
    },
    "total_cost": 5590000,
    "total_prize": 1085000,
    "games": 5590
  },
  "아보가드로": {
    "roi": -85.24150268336315,
    "win_rate_4plus": 0.08944543828264759,
    "wins": {
      "1": 0,
      "2": 0,
      "3": 0,
      "4": 5,
      "5": 115
    },
    "total_cost": 5590000,
    "total_prize": 825000,
    "games": 5590
  },
  "pH_스케일": {
    "roi": -82.91592128801432,
    "win_rate_4plus": 0.12522361359570663,
    "wins": {
      "1": 0,
      "2": 0,
      "3": 0,
      "4": 7,
      "5": 121
    },
    "total_cost": 5590000,
    "total_prize": 955000,
    "games": 5590
  },
  "결합_에너지": {
    "roi": -83.6314847942755,
    "win_rate_4plus": 0.1073345259391771,
    "wins": {
      "1": 0,
      "2": 0,
      "3": 0,
      "4": 6,
      "5": 123
    },
    "total_cost": 5590000,
    "total_prize": 915000,
    "games": 5590
  },
  "동위원소": {
    "roi": -76.29695885509838,
    "win_rate_4plus": 0.2146690518783542,
    "wins": {
      "1": 0,
      "2": 0,
      "3": 0,
      "4": 12,
      "5": 145
    },
    "total_cost": 5590000,
    "total_prize": 1325000,
    "games": 5590
  },
  "녹는점": {
    "roi": -85.86762075134168,
    "win_rate_4plus": 0.05366726296958855,
    "wins": {
      "1": 0,
      "2": 0,
      "3": 0,
      "4": 3,
      "5": 128
    },
    "total_cost": 5590000,
    "total_prize": 790000,
    "games": 5590
  },
  "밀도": {
    "roi": -83.00536672629696,
    "win_rate_4plus": 0.14311270125223613,
    "wins": {
      "1": 0,
      "2": 0,
      "3": 0,
      "4": 8,
      "5": 110
    },
    "total_cost": 5590000,
    "total_prize": 950000,
    "games": 5590
  },
  "오비탈": {
    "roi": -84.52593917710198,
    "win_rate_4plus": 0.08944543828264759,
    "wins": {
      "1": 0,
      "2": 0,
      "3": 0,
      "4": 5,
      "5": 123
    },
    "total_cost": 5590000,
    "total_prize": 865000,
    "games": 5590
  },
  "합금_비율": {
    "roi": -84.70483005366727,
    "win_rate_4plus": 0.08944543828264759,
    "wins": {
      "1": 0,
      "2": 0,
      "3": 0,
      "4": 5,
      "5": 121
    },
    "total_cost": 5590000,
    "total_prize": 855000,
    "games": 5590
  },
  "반응_속도": {
    "roi": -52.68336314847942,
    "win_rate_4plus": 0.17889087656529518,
    "wins": {
      "1": 0,
      "2": 0,
      "3": 1,
      "4": 9,
      "5": 139
    },
    "total_cost": 5590000,
    "total_prize": 2645000,
    "games": 5590
  },
  "몰_농도": {
    "roi": -83.18425760286226,
    "win_rate_4plus": 0.05366726296958855,
    "wins": {
      "1": 0,
      "2": 0,
      "3": 0,
      "4": 3,
      "5": 158
    },
    "total_cost": 5590000,
    "total_prize": 940000,
    "games": 5590
  }
}