{
  "음계_주파수": {
    "roi": -84.97316636851521,
    "win_rate_4plus": 0.08944543828264759,
    "wins": {
      "1": 0,
      "2": 0,
      "3": 0,
      "4": 5,
      "5": 118
    },
    "total_cost": 5590000,
    "total_prize": 840000,
    "games": 5590
  },
  "피아노_건반": {
    "roi": -80.94812164579606,
    "win_rate_4plus": 0.14311270125223613,
    "wins": {
      "1": 0,
      "2": 0,
      "3": 0,
      "4": 8,
      "5": 133
    },
    "total_cost": 5590000,
    "total_prize": 1065000,
    "games": 5590
  },
  "비트_패턴": {
    "roi": -83.72093023255815,
    "win_rate_4plus": 0.1073345259391771,
    "wins": {
      "1": 0,
      "2": 0,
      "3": 0,
      "4": 6,
      "5": 122
    },
    "total_cost": 5590000,
    "total_prize": 910000,
    "games": 5590
  },
  "화음": {
    "roi": -84.07871198568873,
    "win_rate_4plus": 0.07155635062611806,
    "wins": {
      "1": 0,
      "2": 0,
      "3": 0,
      "4": 4,
      "5": 138
    },
    "total_cost": 5590000,
    "total_prize": 890000,
    "games": 5590
  },
  "템포_BPM": {
    "roi": -76.83363148479427,
    "win_rate_4plus": 0.2146690518783542,
    "wins": {
      "1": 0,
      "2": 0,
      "3": 0,
      "4": 12,
      "5": 139
    },
    "total_cost": 5590000,
    "total_prize": 1295000,
    "games": 5590
  },
  "하모닉스": {
    "roi": -85.1520572450805,
    "win_rate_4plus": 0.08944543828264759,
    "wins": {
      "1": 0,
      "2": 0,
      "3": 0,
      "4": 5,
      "5": 116
    },
    "total_cost": 5590000,
    "total_prize": 830000,
    "games": 5590
  },
  "12음_기법": {
    "roi": -80.14311270125224,
    "win_rate_4plus": 0.16100178890876565,
    "wins": {
      "1": 0,
      "2": 0,
      "3": 0,
      "4": 9,
      "5": 132
    },
    "total_cost": 5590000,
    "total_prize": 1110000,
    "games": 5590
  },
  "펜타토닉": {
    "roi": -84.97316636851521,
    "win_rate_4plus": 0.1073345259391771,
    "wins": {
      "1": 0,
      "2": 0,
      "3": 0,
      "4": 6,
      "5": 108
    },
    "total_cost": 5590000,
    "total_prize": 840000,
    "games": 5590
  },
  "블루스_스케일": {
    "roi": -84.07871198568873,
    "win_rate_4plus": 0.08944543828264759,
    "wins": {
      "1": 0,
      "2": 0,
      "3": 0,
      "4": 5,
      "5": 128
    },
    "total_cost": 5590000,
    "total_prize": 890000,
    "games": 5590
  },
  "주파수_대역": {
    "roi": -85.1520572450805,
    "win_rate_4plus": 0.08944543828264759,
    "wins": {
      "1": 0,
      "2": 0,
      "3": 0,
      "4": 5,
      "5": 116
    },
    "total_cost": 5590000,
    "total_prize": 830000,
    "games": 5590
  },
  "리듬_패턴": {
    "roi": -83.2737030411449,
    "win_rate_4plus": 0.14311270125223613,
    "wins": {
      "1": 0,
      "2": 0,
      "3": 0,
      "4": 8,
      "5": 107
    },
    "total_cost": 5590000,
    "total_prize": 935000,
    "games": 5590
  },
  "음정_인터벌": {
    "roi": -84.04154863078375,
    "win_rate_4plus": 0.09442870632672333,
    "wins": {
      "1": 0,
      "2": 0,
      "3": 0,
      "4": 5,
      "5": 119
    },
    "total_cost": 5295000,
    "total_prize": 845000,
    "games": 5295
  },
  "데시벨": {
    "roi": -83.00536672629696,
    "win_rate_4plus": 0.12522361359570663,
    "wins": {
      "1": 0,
      "2": 0,
      "3": 0,
      "4": 7,
      "5": 120
    },
    "total_cost": 5590000,
    "total_prize": 950000,
    "games": 5590
  },
  "기타_프렛": {
    "roi": -86.40429338103756,
    "win_rate_4plus": 0.07155635062611806,
    "wins": {
      "1": 0,
      "2": 0,
      "3": 0,
      "4": 4,
      "5": 112
    },
    "total_cost": 5590000,
    "total_prize": 760000,
    "games": 5590
  },
  "샘플링_레이트": {
    "roi": -85.59928443649373,
    "win_rate_4plus": 0.07155635062611806,
    "wins": {
      "1": 0,
      "2": 0,
      "3": 0,
      "4": 4,
      "5": 121
    },
    "total_cost": 5590000,
    "total_prize": 805000,
    "games": 5590
  },
  "음파_파형": {
    "roi": -84.61538461538461,
    "win_rate_4plus": 0.08944543828264759,
    "wins": {
      "1": 0,
      "2": 0,
      "3": 0,
      "4": 5,
      "5": 122
    },
    "total_cost": 5590000,
    "total_prize": 860000,
    "games": 5590
  },
  "DJ_믹싱": {
    "roi": -53.398926654740606,
    "win_rate_4plus": 0.16100178890876565,
    "wins": {
      "1": 0,
      "2": 0,
      "3": 1,
      "4": 8,
      "5": 141
    },
    "total_cost": 5590000,
    "total_prize": 2605000,
    "games": 5590
  },
  "오케스트라_섹션": {
    "roi": -83.98926654740609,
    "win_rate_4plus": 0.08944543828264759,
    "wins": {
      "1": 0,
      "2": 0,
      "3": 0,
      "4": 5,
      "5": 129
    },
    "total_cost": 5590000,
    "total_prize": 895000,
    "games": 5590
  },
  "음악_시대": {
    "roi": -74.95527728085868,
    "win_rate_4plus": 0.25044722719141327,
    "wins": {
      "1": 0,
      "2": 0,
      "3": 0,
      "4": 14,
      "5": 140
    },
    "total_cost": 5590000,
    "total_prize": 1400000,
    "games": 5590
  },
  "MIDI_노트": {
    "roi": -84.79427549194992,
    "win_rate_4plus": 0.12522361359570663,
    "wins": {
      "1": 0,
      "2": 0,
      "3": 0,
      "4": 7,
      "5": 100
    },
    "total_cost": 5590000,
    "total_prize": 850000,
    "games": 5590
  }
}