{
  "행성_거리": {
    "roi": -86.13595706618963,
    "win_rate_4plus": 0.05366726296958855,
    "wins": {
      "1": 0,
      "2": 0,
      "3": 0,
      "4": 3,
      "5": 125
    },
    "total_cost": 5590000,
    "total_prize": 775000,
    "games": 5590
  },
  "달의_위상": {
    "roi": -75.67084078711986,
    "win_rate_4plus": 0.28622540250447226,
    "wins": {
      "1": 0,
      "2": 0,
      "3": 0,
      "4": 16,
      "5": 112
    },
    "total_cost": 5590000,
    "total_prize": 1360000,
    "games": 5590
  },
  "별자리": {
    "roi": -80.41144901610018,
    "win_rate_4plus": 0.16100178890876565,
    "wins": {
      "1": 0,
      "2": 0,
      "3": 0,
      "4": 9,
      "5": 129
    },
    "total_cost": 5590000,
    "total_prize": 1095000,
    "games": 5590
  },
  "태양_활동": {
    "roi": -84.07871198568873,
    "win_rate_4plus": 0.08944543828264759,
    "wins": {
      "1": 0,
      "2": 0,
      "3": 0,
      "4": 5,
      "5": 128
    },
    "total_cost": 5590000,
    "total_prize": 890000,
    "games": 5590
  },
  "황도대": {
    "roi": -82.02146690518784,
    "win_rate_4plus": 0.14311270125223613,
    "wins": {
      "1": 0,
      "2": 0,
      "3": 0,
      "4": 8,
      "5": 121
    },
    "total_cost": 5590000,
    "total_prize": 1005000,
    "games": 5590
  },
  "케플러_법칙": {
    "roi": -82.37924865831843,
    "win_rate_4plus": 0.1073345259391771,
    "wins": {
      "1": 0,
      "2": 0,
      "3": 0,
      "4": 6,
      "5": 137
    },
    "total_cost": 5590000,
    "total_prize": 985000,
    "games": 5590
  },
  "빛의_속도": {
    "roi": -84.52593917710198,
    "win_rate_4plus": 0.08944543828264759,
    "wins": {
      "1": 0,
      "2": 0,
      "3": 0,
      "4": 5,
      "5": 123
    },
    "total_cost": 5590000,
    "total_prize": 865000,
    "games": 5590
  },
  "중력_상수": {
    "roi": -85.24150268336315,
    "win_rate_4plus": 0.08944543828264759,
    "wins": {
      "1": 0,
      "2": 0,
      "3": 0,
      "4": 5,
      "5": 115
    },
    "total_cost": 5590000,
    "total_prize": 825000,
    "games": 5590
  },
  "허블_상수": {
    "roi": -86.8515205724508,
    "win_rate_4plus": 0.017889087656529516,
    "wins": {
      "1": 0,
      "2": 0,
      "3": 0,
      "4": 1,
      "5": 137
    },
    "total_cost": 5590000,
    "total_prize": 735000,
    "games": 5590
  },
  "천문_단위": {
    "roi": -55.27728085867621,
    "win_rate_4plus": 0.14311270125223613,
    "wins": {
      "1": 0,
      "2": 0,
      "3": 1,
      "4": 7,
      "5": 130
    },
    "total_cost": 5590000,
    "total_prize": 2500000,
    "games": 5590
  },
  "적색편이": {
    "roi": -79.78533094812164,
    "win_rate_4plus": 0.17889087656529518,
    "wins": {
      "1": 0,
      "2": 0,
      "3": 0,
      "4": 10,
      "5": 126
    },
    "total_cost": 5590000,
    "total_prize": 1130000,
    "games": 5590
  },
  "블랙홀": {
    "roi": -80.67978533094812,
    "win_rate_4plus": 0.14311270125223613,
    "wins": {
      "1": 0,
      "2": 0,
      "3": 0,
      "4": 8,
      "5": 136
    },
    "total_cost": 5590000,
    "total_prize": 1080000,
    "games": 5590
  },
  "우주_배경_복사": {
    "roi": -82.46869409660107,
    "win_rate_4plus": 0.14311270125223613,
    "wins": {
      "1": 0,
      "2": 0,
      "3": 0,
      "4": 8,
      "5": 116
    },
    "total_cost": 5590000,
    "total_prize": 980000,
    "games": 5590
  },
  "안드로메다": {
    "roi": -83.98926654740609,
    "win_rate_4plus": 0.1073345259391771,
    "wins": {
      "1": 0,
      "2": 0,
      "3": 0,
      "4": 6,
      "5": 119
    },
    "total_cost": 5590000,
    "total_prize": 895000,
    "games": 5590
  },
  "오리온": {
    "roi": -76.74418604651163,
    "win_rate_4plus": 0.23255813953488372,
    "wins": {
      "1": 0,
      "2": 0,
      "3": 0,
      "4": 13,
      "5": 130
    },
    "total_cost": 5590000,
    "total_prize": 1300000,
    "games": 5590
  },
  "북두칠성": {
    "roi": -84.34704830053667,
    "win_rate_4plus": 0.1073345259391771,
    "wins": {
      "1": 0,
      "2": 0,
      "3": 0,
      "4": 6,
      "5": 115
    },
    "total_cost": 5590000,
    "total_prize": 875000,
    "games": 5590
  },
  "혜성_주기": {
    "roi": -80.67978533094812,
    "win_rate_4plus": 0.16100178890876565,
    "wins": {
      "1": 0,
      "2": 0,
      "3": 0,
      "4": 9,
      "5": 126
    },
    "total_cost": 5590000,
    "total_prize": 1080000,
    "games": 5590
  },
  "금성_주기": {
    "roi": -81.9320214669052,
    "win_rate_4plus": 0.1073345259391771,
    "wins": {
      "1": 0,
      "2": 0,
      "3": 0,
      "4": 6,
      "5": 142
    },
    "total_cost": 5590000,
    "total_prize": 1010000,
    "games": 5590
  },
  "토성_고리": {
    "roi": -83.89982110912342,
    "win_rate_4plus": 0.12522361359570663,
    "wins": {
      "1": 0,
      "2": 0,
      "3": 0,
      "4": 7,
      "5": 110
    },
    "total_cost": 5590000,
    "total_prize": 900000,
    "games": 5590
  },
  "초신성": {
    "roi": -84.88372093023256,
    "win_rate_4plus": 0.1073345259391771,
    "wins": {
      "1": 0,
      "2": 0,
      "3": 0,
      "4": 6,
      "5": 109
    },
    "total_cost": 5590000,
    "total_prize": 845000,
    "games": 5590
  }
}