{
  "행운의_숫자": {
    "roi": -76.56529516994634,
    "win_rate_4plus": 0.1967799642218247,
    "wins": {
      "1": 0,
      "2": 0,
      "3": 0,
      "4": 11,
      "5": 152
    },
    "total_cost": 5590000,
    "total_prize": 1310000,
    "games": 5590
  },
  "불행_회피": {
    "roi": -54.56171735241503,
    "win_rate_4plus": 0.2146690518783542,
    "wins": {
      "1": 0,
      "2": 0,
      "3": 1,
      "4": 11,
      "5": 98
    },
    "total_cost": 5590000,
    "total_prize": 2540000,
    "games": 5590
  },
  "생일_편향_역이용": {
    "roi": -55.72450805008945,
    "win_rate_4plus": 0.12522361359570663,
    "wins": {
      "1": 0,
      "2": 0,
      "3": 1,
      "4": 6,
      "5": 135
    },
    "total_cost": 5590000,
    "total_prize": 2475000,
    "games": 5590
  },
  "인지_편향": {
    "roi": -84.43649373881932,
    "win_rate_4plus": 0.05366726296958855,
    "wins": {
      "1": 0,
      "2": 0,
      "3": 0,
      "4": 3,
      "5": 144
    },
    "total_cost": 5590000,
    "total_prize": 870000,
    "games": 5590
  },
  "도박사_오류": {
    "roi": -56.08228980322003,
    "win_rate_4plus": 0.14311270125223613,
    "wins": {
      "1": 0,
      "2": 0,
      "3": 1,
      "4": 7,
      "5": 121
    },
    "total_cost": 5590000,
    "total_prize": 2455000,
    "games": 5590
  },
  "핫핸드_오류": {
    "roi": -87.74597495527729,
    "win_rate_4plus": 0.03577817531305903,
    "wins": {
      "1": 0,
      "2": 0,
      "3": 0,
      "4": 2,
      "5": 117
    },
    "total_cost": 5590000,
    "total_prize": 685000,
    "games": 5590
  },
  "프레이밍_효과": {
    "roi": -81.84257602862253,
    "win_rate_4plus": 0.12522361359570663,
    "wins": {
      "1": 0,
      "2": 0,
      "3": 0,
      "4": 7,
      "5": 133
    },
    "total_cost": 5590000,
    "total_prize": 1015000,
    "games": 5590
  },
  "앵커링_효과": {
    "roi": -79.51699463327371,
    "win_rate_4plus": 0.2146690518783542,
    "wins": {
      "1": 0,
      "2": 0,
      "3": 0,
      "4": 12,
      "5": 109
    },
    "total_cost": 5590000,
    "total_prize": 1145000,
    "games": 5590
  },
  "패턴_인식": {
    "roi": -79.87477638640429,
    "win_rate_4plus": 0.16100178890876565,
    "wins": {
      "1": 0,
      "2": 0,
      "3": 0,
      "4": 9,
      "5": 135
    },
    "total_cost": 5590000,
    "total_prize": 1125000,
    "games": 5590
  },
  "확증_편향": {
    "roi": -88.19320214669052,
    "win_rate_4plus": 0.03577817531305903,
    "wins": {
      "1": 0,
      "2": 0,
      "3": 0,
      "4": 2,
      "5": 112
    },
    "total_cost": 5590000,
    "total_prize": 660000,
    "games": 5590
  },
  "손실_회피": {
    "roi": -77.90697674418605,
    "win_rate_4plus": 0.17889087656529518,
    "wins": {
      "1": 0,
      "2": 0,
      "3": 0,
      "4": 10,
      "5": 147
    },
    "total_cost": 5590000,
    "total_prize": 1235000,
    "games": 5590
  },
  "현상_유지": {
    "roi": -81.21645796064401,
    "win_rate_4plus": 0.14311270125223613,
    "wins": {
      "1": 0,
      "2": 0,
      "3": 0,
      "4": 8,
      "5": 130
    },
    "total_cost": 5590000,
    "total_prize": 1050000,
    "games": 5590
  },
  "군중_역이용": {
    "roi": -84.88372093023256,
    "win_rate_4plus": 0.03577817531305903,
    "wins": {
      "1": 0,
      "2": 0,
      "3": 0,
      "4": 2,
      "5": 149
    },
    "total_cost": 5590000,
    "total_prize": 845000,
    "games": 5590
  },
  "초두_효과": {
    "roi": -82.64758497316636,
    "win_rate_4plus": 0.12522361359570663,
    "wins": {
      "1": 0,
      "2": 0,
      "3": 0,
      "4": 7,
      "5": 124
    },
    "total_cost": 5590000,
    "total_prize": 970000,
    "games": 5590
  },
  "최신_효과": {
    "roi": -57.066189624329155,
    "win_rate_4plus": 0.1073345259391771,
    "wins": {
      "1": 0,
      "2": 0,
      "3": 1,
      "4": 5,
      "5": 130
    },
    "total_cost": 5590000,
    "total_prize": 2400000,
    "games": 5590
  },
  "선택적_기억": {
    "roi": -81.7531305903399,
    "win_rate_4plus": 0.16100178890876565,
    "wins": {
      "1": 0,
      "2": 0,
      "3": 0,
      "4": 9,
      "5": 114
    },
    "total_cost": 5590000,
    "total_prize": 1020000,
    "games": 5590
  },
  "대표성_휴리스틱": {
    "roi": -85.68872987477639,
    "win_rate_4plus": 0.07155635062611806,
    "wins": {
      "1": 0,
      "2": 0,
      "3": 0,
      "4": 4,
      "5": 120
    },
    "total_cost": 5590000,
    "total_prize": 800000,
    "games": 5590
  },
  "매몰비용": {
    "roi": -80.05366726296958,
    "win_rate_4plus": 0.17889087656529518,
    "wins": {
      "1": 0,
      "2": 0,
      "3": 0,
      "4": 10,
      "5": 123
    },
    "total_cost": 5590000,
    "total_prize": 1115000,
    "games": 5590
  },
  "자기과신": {
    "roi": -83.2737030411449,
    "win_rate_4plus": 0.1073345259391771,
    "wins": {
      "1": 0,
      "2": 0,
      "3": 0,
      "4": 6,
      "5": 127
    },
    "total_cost": 5590000,
    "total_prize": 935000,
    "games": 5590
  },
  "공정성_오류": {
    "roi": -58.05008944543828,
    "win_rate_4plus": 0.1073345259391771,
    "wins": {
      "1": 0,
      "2": 0,
      "3": 1,
      "4": 5,
      "5": 119
    },
    "total_cost": 5590000,
    "total_prize": 2345000,
    "games": 5590
  }
}