{
  "피보나치_되돌림": {
    "roi": -77.19141323792486,
    "win_rate_4plus": 0.26833631484794274,
    "wins": {
      "1": 0,
      "2": 0,
      "3": 0,
      "4": 15,
      "5": 105
    },
    "total_cost": 5590000,
    "total_prize": 1275000,
    "games": 5590
  },
  "이동평균선": {
    "roi": -83.81037567084078,
    "win_rate_4plus": 0.1073345259391771,
    "wins": {
      "1": 0,
      "2": 0,
      "3": 0,
      "4": 6,
      "5": 121
    },
    "total_cost": 5590000,
    "total_prize": 905000,
    "games": 5590
  },
  "RSI": {
    "roi": -80.41144901610018,
    "win_rate_4plus": 0.16100178890876565,
    "wins": {
      "1": 0,
      "2": 0,
      "3": 0,
      "4": 9,
      "5": 129
    },
    "total_cost": 5590000,
    "total_prize": 1095000,
    "games": 5590
  },
  "볼린저_밴드": {
    "roi": -60.73345259391771,
    "win_rate_4plus": 0.07155635062611806,
    "wins": {
      "1": 0,
      "2": 0,
      "3": 1,
      "4": 3,
      "5": 109
    },
    "total_cost": 5590000,
    "total_prize": 2195000,
    "games": 5590
  },
  "MACD": {
    "roi": -82.73703041144901,
    "win_rate_4plus": 0.1073345259391771,
    "wins": {
      "1": 0,
      "2": 0,
      "3": 0,
      "4": 6,
      "5": 133
    },
    "total_cost": 5590000,
    "total_prize": 965000,
    "games": 5590
  },
  "황금_포트폴리오": {
    "roi": -86.8515205724508,
    "win_rate_4plus": 0.05366726296958855,
    "wins": {
      "1": 0,
      "2": 0,
      "3": 0,
      "4": 3,
      "5": 117
    },
    "total_cost": 5590000,
    "total_prize": 735000,
    "games": 5590
  },
  "켈리_기준": {
    "roi": -85.59928443649373,
    "win_rate_4plus": 0.07155635062611806,
    "wins": {
      "1": 0,
      "2": 0,
      "3": 0,
      "4": 4,
      "5": 121
    },
    "total_cost": 5590000,
    "total_prize": 805000,
    "games": 5590
  },
  "샤프_비율": {
    "roi": -86.49373881932021,
    "win_rate_4plus": 0.03577817531305903,
    "wins": {
      "1": 0,
      "2": 0,
      "3": 0,
      "4": 2,
      "5": 131
    },
    "total_cost": 5590000,
    "total_prize": 755000,
    "games": 5590
  },
  "DCA": {
    "roi": -80.85867620751341,
    "win_rate_4plus": 0.16100178890876565,
    "wins": {
      "1": 0,
      "2": 0,
      "3": 0,
      "4": 9,
      "5": 124
    },
    "total_cost": 5590000,
    "total_prize": 1070000,
    "games": 5590
  },
  "옵션_스트라이크": {
    "roi": -84.88372093023256,
    "win_rate_4plus": 0.07155635062611806,
    "wins": {
      "1": 0,
      "2": 0,
      "3": 0,
      "4": 4,
      "5": 129
    },
    "total_cost": 5590000,
    "total_prize": 845000,
    "games": 5590
  },
  "헤지": {
    "roi": -55.903398926654745,
    "win_rate_4plus": 0.14311270125223613,
    "wins": {
      "1": 0,
      "2": 0,
      "3": 1,
      "4": 7,
      "5": 123
    },
    "total_cost": 5590000,
    "total_prize": 2465000,
    "games": 5590
  },
  "스프레드": {
    "roi": -84.07871198568873,
    "win_rate_4plus": 0.12522361359570663,
    "wins": {
      "1": 0,
      "2": 0,
      "3": 0,
      "4": 7,
      "5": 108
    },
    "total_cost": 5590000,
    "total_prize": 890000,
    "games": 5590
  },
  "변동성": {
    "roi": -81.21645796064401,
    "win_rate_4plus": 0.12522361359570663,
    "wins": {
      "1": 0,
      "2": 0,
      "3": 0,
      "4": 7,
      "5": 140
    },
    "total_cost": 5590000,
    "total_prize": 1050000,
    "games": 5590
  },
  "모멘텀": {
    "roi": -84.07871198568873,
    "win_rate_4plus": 0.08944543828264759,
    "wins": {
      "1": 0,
      "2": 0,
      "3": 0,
      "4": 5,
      "5": 128
    },
    "total_cost": 5590000,
    "total_prize": 890000,
    "games": 5590
  },
  "평균_회귀": {
    "roi": -82.28980322003578,
    "win_rate_4plus": 0.14311270125223613,
    "wins": {
      "1": 0,
      "2": 0,
      "3": 0,
      "4": 8,
      "5": 118
    },
    "total_cost": 5590000,
    "total_prize": 990000,
    "games": 5590
  },
  "베타": {
    "roi": -78.44364937388193,
    "win_rate_4plus": 0.2146690518783542,
    "wins": {
      "1": 0,
      "2": 0,
      "3": 0,
      "4": 12,
      "5": 121
    },
    "total_cost": 5590000,
    "total_prize": 1205000,
    "games": 5590
  },
  "알파": {
    "roi": -82.64758497316636,
    "win_rate_4plus": 0.1073345259391771,
    "wins": {
      "1": 0,
      "2": 0,
      "3": 0,
      "4": 6,
      "5": 134
    },
    "total_cost": 5590000,
    "total_prize": 970000,
    "games": 5590
  },
  "배당": {
    "roi": -84.61538461538461,
    "win_rate_4plus": 0.1073345259391771,
    "wins": {
      "1": 0,
      "2": 0,
      "3": 0,
      "4": 6,
      "5": 112
    },
    "total_cost": 5590000,
    "total_prize": 860000,
    "games": 5590
  },
  "성장주": {
    "roi": -73.52415026833631,
    "win_rate_4plus": 0.3041144901610018,
    "wins": {
      "1": 0,
      "2": 0,
      "3": 0,
      "4": 17,
      "5": 126
    },
    "total_cost": 5590000,
    "total_prize": 1480000,
    "games": 5590
  },
  "가치주": {
    "roi": -85.77817531305904,
    "win_rate_4plus": 0.1073345259391771,
    "wins": {
      "1": 0,
      "2": 0,
      "3": 0,
      "4": 6,
      "5": 99
    },
    "total_cost": 5590000,
    "total_prize": 795000,
    "games": 5590
  }
}