{
  "클러스터링_중심": {
    "roi": -81.9320214669052,
    "win_rate_4plus": 0.1073345259391771,
    "wins": {
      "1": 0,
      "2": 0,
      "3": 0,
      "4": 6,
      "5": 142
    },
    "total_cost": 5590000,
    "total_prize": 1010000,
    "games": 5590
  },
  "이상치_탐지": {
    "roi": -81.66368515205724,
    "win_rate_4plus": 0.1967799642218247,
    "wins": {
      "1": 0,
      "2": 0,
      "3": 0,
      "4": 11,
      "5": 95
    },
    "total_cost": 5590000,
    "total_prize": 1025000,
    "games": 5590
  },
  "시계열_예측": {
    "roi": -86.04651162790698,
    "win_rate_4plus": 0.07155635062611806,
    "wins": {
      "1": 0,
      "2": 0,
      "3": 0,
      "4": 4,
      "5": 116
    },
    "total_cost": 5590000,
    "total_prize": 780000,
    "games": 5590
  },
  "연관규칙_마이닝": {
    "roi": -83.98926654740609,
    "win_rate_4plus": 0.08944543828264759,
    "wins": {
      "1": 0,
      "2": 0,
      "3": 0,
      "4": 5,
      "5": 129
    },
    "total_cost": 5590000,
    "total_prize": 895000,
    "games": 5590
  },
  "앙상블_투표": {
    "roi": -78.08586762075134,
    "win_rate_4plus": 0.1967799642218247,
    "wins": {
      "1": 0,
      "2": 0,
      "3": 0,
      "4": 11,
      "5": 135
    },
    "total_cost": 5590000,
    "total_prize": 1225000,
    "games": 5590
  },
  "그래디언트_부스트": {
    "roi": -79.15921288014312,
    "win_rate_4plus": 0.16100178890876565,
    "wins": {
      "1": 0,
      "2": 0,
      "3": 0,
      "4": 9,
      "5": 143
    },
    "total_cost": 5590000,
    "total_prize": 1165000,
    "games": 5590
  },
  "신경망_시뮬레이션": {
    "roi": -79.24865831842575,
    "win_rate_4plus": 0.17889087656529518,
    "wins": {
      "1": 0,
      "2": 0,
      "3": 0,
      "4": 10,
      "5": 132
    },
    "total_cost": 5590000,
    "total_prize": 1160000,
    "games": 5590
  },
  "Q러닝": {
    "roi": -83.98926654740609,
    "win_rate_4plus": 0.08944543828264759,
    "wins": {
      "1": 0,
      "2": 0,
      "3": 0,
      "4": 5,
      "5": 129
    },
    "total_cost": 5590000,
    "total_prize": 895000,
    "games": 5590
  },
  "유전_알고리즘": {
    "roi": -53.84615384615385,
    "win_rate_4plus": 0.17889087656529518,
    "wins": {
      "1": 0,
      "2": 0,
      "3": 1,
      "4": 9,
      "5": 126
    },
    "total_cost": 5590000,
    "total_prize": 2580000,
    "games": 5590
  },
  "랜덤_포레스트": {
    "roi": -84.16815742397138,
    "win_rate_4plus": 0.1073345259391771,
    "wins": {
      "1": 0,
      "2": 0,
      "3": 0,
      "4": 6,
      "5": 117
    },
    "total_cost": 5590000,
    "total_prize": 885000,
    "games": 5590
  },
  "SVM_경계": {
    "roi": -82.46869409660107,
    "win_rate_4plus": 0.12522361359570663,
    "wins": {
      "1": 0,
      "2": 0,
      "3": 0,
      "4": 7,
      "5": 126
    },
    "total_cost": 5590000,
    "total_prize": 980000,
    "games": 5590
  },
  "오토인코더": {
    "roi": -84.07871198568873,
    "win_rate_4plus": 0.12522361359570663,
    "wins": {
      "1": 0,
      "2": 0,
      "3": 0,
      "4": 7,
      "5": 108
    },
    "total_cost": 5590000,
    "total_prize": 890000,
    "games": 5590
  },
  "RNN_시퀀스": {
    "roi": -82.55813953488372,
    "win_rate_4plus": 0.12522361359570663,
    "wins": {
      "1": 0,
      "2": 0,
      "3": 0,
      "4": 7,
      "5": 125
    },
    "total_cost": 5590000,
    "total_prize": 975000,
    "games": 5590
  },
  "GAN_생성": {
    "roi": -83.6314847942755,
    "win_rate_4plus": 0.14311270125223613,
    "wins": {
      "1": 0,
      "2": 0,
      "3": 0,
      "4": 8,
      "5": 103
    },
    "total_cost": 5590000,
    "total_prize": 915000,
    "games": 5590
  },
  "VAE_샘플링": {
    "roi": -83.09481216457961,
    "win_rate_4plus": 0.1073345259391771,
    "wins": {
      "1": 0,
      "2": 0,
      "3": 0,
      "4": 6,
      "5": 129
    },
    "total_cost": 5590000,
    "total_prize": 945000,
    "games": 5590
  },
  "어텐션_메커니즘": {
    "roi": -81.66368515205724,
    "win_rate_4plus": 0.1073345259391771,
    "wins": {
      "1": 0,
      "2": 0,
      "3": 0,
      "4": 6,
      "5": 145
    },
    "total_cost": 5590000,
    "total_prize": 1025000,
    "games": 5590
  },
  "트랜스포머_위치": {
    "roi": -81.12701252236137,
    "win_rate_4plus": 0.14311270125223613,
    "wins": {
      "1": 0,
      "2": 0,
      "3": 0,
      "4": 8,
      "5": 131
    },
    "total_cost": 5590000,
    "total_prize": 1055000,
    "games": 5590
  },
  "메타러닝": {
    "roi": -25.402504472271914,
    "win_rate_4plus": 0.2146690518783542,
    "wins": {
      "1": 0,
      "2": 0,
      "3": 2,
      "4": 10,
      "5": 134
    },
    "total_cost": 5590000,
    "total_prize": 4170000,
    "games": 5590
  },
  "베이지안_신경망": {
    "roi": -83.2737030411449,
    "win_rate_4plus": 0.14311270125223613,
    "wins": {
      "1": 0,
      "2": 0,
      "3": 0,
      "4": 8,
      "5": 107
    },
    "total_cost": 5590000,
    "total_prize": 935000,
    "games": 5590
  },
  "강화학습_보상": {
    "roi": -81.84257602862253,
    "win_rate_4plus": 0.16100178890876565,
    "wins": {
      "1": 0,
      "2": 0,
      "3": 0,
      "4": 9,
      "5": 113
    },
    "total_cost": 5590000,
    "total_prize": 1015000,
    "games": 5590
  }
}