{
  "위도": {
    "roi": -78.71198568872988,
    "win_rate_4plus": 0.16100178890876565,
    "wins": {
      "1": 0,
      "2": 0,
      "3": 0,
      "4": 9,
      "5": 148
    },
    "total_cost": 5590000,
    "total_prize": 1190000,
    "games": 5590
  },
  "경도": {
    "roi": -83.54203935599284,
    "win_rate_4plus": 0.14311270125223613,
    "wins": {
      "1": 0,
      "2": 0,
      "3": 0,
      "4": 8,
      "5": 104
    },
    "total_cost": 5590000,
    "total_prize": 920000,
    "games": 5590
  },
  "시간대": {
    "roi": -83.81037567084078,
    "win_rate_4plus": 0.1073345259391771,
    "wins": {
      "1": 0,
      "2": 0,
      "3": 0,
      "4": 6,
      "5": 121
    },
    "total_cost": 5590000,
    "total_prize": 905000,
    "games": 5590
  },
  "고도": {
    "roi": -81.30590339892666,
    "win_rate_4plus": 0.16100178890876565,
    "wins": {
      "1": 0,
      "2": 0,
      "3": 0,
      "4": 9,
      "5": 119
    },
    "total_cost": 5590000,
    "total_prize": 1045000,
    "games": 5590
  },
  "대륙": {
    "roi": -86.40429338103756,
    "win_rate_4plus": 0.07155635062611806,
    "wins": {
      "1": 0,
      "2": 0,
      "3": 0,
      "4": 4,
      "5": 112
    },
    "total_cost": 5590000,
    "total_prize": 760000,
    "games": 5590
  },
  "해양": {
    "roi": -52.05724508050089,
    "win_rate_4plus": 0.23255813953488372,
    "wins": {
      "1": 0,
      "2": 0,
      "3": 1,
      "4": 12,
      "5": 116
    },
    "total_cost": 5590000,
    "total_prize": 2680000,
    "games": 5590
  },
  "국가_코드": {
    "roi": -79.96422182468694,
    "win_rate_4plus": 0.17889087656529518,
    "wins": {
      "1": 0,
      "2": 0,
      "3": 0,
      "4": 10,
      "5": 124
    },
    "total_cost": 5590000,
    "total_prize": 1120000,
    "games": 5590
  },
  "인구_밀도": {
    "roi": -83.72093023255815,
    "win_rate_4plus": 0.1073345259391771,
    "wins": {
      "1": 0,
      "2": 0,
      "3": 0,
      "4": 6,
      "5": 122
    },
    "total_cost": 5590000,
    "total_prize": 910000,
    "games": 5590
  },
  "적도_극지": {
    "roi": -80.05366726296958,
    "win_rate_4plus": 0.17889087656529518,
    "wins": {
      "1": 0,
      "2": 0,
      "3": 0,
      "4": 10,
      "5": 123
    },
    "total_cost": 5590000,
    "total_prize": 1115000,
    "games": 5590
  },
  "거리": {
    "roi": -80.23255813953489,
    "win_rate_4plus": 0.17889087656529518,
    "wins": {
      "1": 0,
      "2": 0,
      "3": 0,
      "4": 10,
      "5": 121
    },
    "total_cost": 5590000,
    "total_prize": 1105000,
    "games": 5590
  },
  "지진_규모": {
    "roi": -57.78175313059034,
    "win_rate_4plus": 0.1073345259391771,
    "wins": {
      "1": 0,
      "2": 0,
      "3": 1,
      "4": 5,
      "5": 122
    },
    "total_cost": 5590000,
    "total_prize": 2360000,
    "games": 5590
  },
  "기후대": {
    "roi": -80.76923076923077,
    "win_rate_4plus": 0.16100178890876565,
    "wins": {
      "1": 0,
      "2": 0,
      "3": 0,
      "4": 9,
      "5": 125
    },
    "total_cost": 5590000,
    "total_prize": 1075000,
    "games": 5590
  },
  "반도_섬": {
    "roi": -80.23255813953489,
    "win_rate_4plus": 0.14311270125223613,
    "wins": {
      "1": 0,
      "2": 0,
      "3": 0,
      "4": 8,
      "5": 141
    },
    "total_cost": 5590000,
    "total_prize": 1105000,
    "games": 5590
  },
  "산맥": {
    "roi": -85.06261180679785,
    "win_rate_4plus": 0.08944543828264759,
    "wins": {
      "1": 0,
      "2": 0,
      "3": 0,
      "4": 5,
      "5": 117
    },
    "total_cost": 5590000,
    "total_prize": 835000,
    "games": 5590
  },
  "강_길이": {
    "roi": -82.73703041144901,
    "win_rate_4plus": 0.12522361359570663,
    "wins": {
      "1": 0,
      "2": 0,
      "3": 0,
      "4": 7,
      "5": 123
    },
    "total_cost": 5590000,
    "total_prize": 965000,
    "games": 5590
  },
  "호수_면적": {
    "roi": -55.903398926654745,
    "win_rate_4plus": 0.12522361359570663,
    "wins": {
      "1": 0,
      "2": 0,
      "3": 1,
      "4": 6,
      "5": 133
    },
    "total_cost": 5590000,
    "total_prize": 2465000,
    "games": 5590
  },
  "사막": {
    "roi": -83.54203935599284,
    "win_rate_4plus": 0.12522361359570663,
    "wins": {
      "1": 0,
      "2": 0,
      "3": 0,
      "4": 7,
      "5": 114
    },
    "total_cost": 5590000,
    "total_prize": 920000,
    "games": 5590
  },
  "국경선": {
    "roi": -85.68872987477639,
    "win_rate_4plus": 0.08944543828264759,
    "wins": {
      "1": 0,
      "2": 0,
      "3": 0,
      "4": 5,
      "5": 110
    },
    "total_cost": 5590000,
    "total_prize": 800000,
    "games": 5590
  },
  "GPS_좌표": {
    "roi": -75.9391771019678,
    "win_rate_4plus": 0.25044722719141327,
    "wins": {
      "1": 0,
      "2": 0,
      "3": 0,
      "4": 14,
      "5": 129
    },
    "total_cost": 5590000,
    "total_prize": 1345000,
    "games": 5590
  },
  "면적_비율": {
    "roi": -79.69588550983899,
    "win_rate_4plus": 0.17889087656529518,
    "wins": {
      "1": 0,
      "2": 0,
      "3": 0,
      "4": 10,
      "5": 127
    },
    "total_cost": 5590000,
    "total_prize": 1135000,
    "games": 5590
  }
}